{"cameraMode":{"drawMode":0,"name":"Shaded","section":"Shading Mode"},"sceneLighting":true,"audioPlay":false,"sceneViewState":{"showFog":true,"showMaterialUpdate":false,"showSkybox":true,"showFlares":true,"showImageEffects":true,"showParticleSystems":true},"in2DMode":false,"pivot":{"x":17.32616424560547,"y":0.7405048608779907,"z":0.08031795173883438},"rotation":{"x":0.023847592994570733,"y":0.6523361802101135,"z":-0.020590897649526597,"w":0.7573620676994324},"size":11.291923522949219,"orthographic":false}