{"cameraMode":{"drawMode":0,"name":"Shaded","section":"Shading Mode"},"sceneLighting":true,"audioPlay":false,"sceneViewState":{"showFog":true,"showMaterialUpdate":false,"showSkybox":true,"showFlares":true,"showImageEffects":true,"showParticleSystems":true},"in2DMode":false,"pivot":{"x":14.292032241821289,"y":-5.336101055145264,"z":-2.1117613315582277},"rotation":{"x":-0.23469723761081696,"y":-0.6767401099205017,"z":0.24275992810726167,"w":-0.6543111801147461},"size":11.291923522949219,"orthographic":false}